{
    "name": "root",
    "gauges": {
        "MyAgent.Policy.Entropy.mean": {
            "value": 2.1970367431640625,
            "min": 2.1970367431640625,
            "max": 2.1970367431640625,
            "count": 1
        },
        "MyAgent.Policy.Entropy.sum": {
            "value": 109851.8359375,
            "min": 109851.8359375,
            "max": 109851.8359375,
            "count": 1
        },
        "MyAgent.Step.mean": {
            "value": 49984.0,
            "min": 49984.0,
            "max": 49984.0,
            "count": 1
        },
        "MyAgent.Step.sum": {
            "value": 49984.0,
            "min": 49984.0,
            "max": 49984.0,
            "count": 1
        },
        "MyAgent.Policy.ExtrinsicValueEstimate.mean": {
            "value": -0.09242305159568787,
            "min": -0.09242305159568787,
            "max": -0.09242305159568787,
            "count": 1
        },
        "MyAgent.Policy.ExtrinsicValueEstimate.sum": {
            "value": -72.45967102050781,
            "min": -72.45967102050781,
            "max": -72.45967102050781,
            "count": 1
        },
        "MyAgent.Policy.CuriosityValueEstimate.mean": {
            "value": -0.14586615562438965,
            "min": -0.14586615562438965,
            "max": -0.14586615562438965,
            "count": 1
        },
        "MyAgent.Policy.CuriosityValueEstimate.sum": {
            "value": -114.35906219482422,
            "min": -114.35906219482422,
            "max": -114.35906219482422,
            "count": 1
        },
        "MyAgent.Environment.EpisodeLength.mean": {
            "value": 9999.0,
            "min": 9999.0,
            "max": 9999.0,
            "count": 1
        },
        "MyAgent.Environment.EpisodeLength.sum": {
            "value": 49995.0,
            "min": 49995.0,
            "max": 49995.0,
            "count": 1
        },
        "MyAgent.Environment.CumulativeReward.mean": {
            "value": -0.25,
            "min": -0.25,
            "max": -0.25,
            "count": 1
        },
        "MyAgent.Environment.CumulativeReward.sum": {
            "value": -1.0,
            "min": -1.0,
            "max": -1.0,
            "count": 1
        },
        "MyAgent.Policy.ExtrinsicReward.mean": {
            "value": -0.25,
            "min": -0.25,
            "max": -0.25,
            "count": 1
        },
        "MyAgent.Policy.ExtrinsicReward.sum": {
            "value": -1.0,
            "min": -1.0,
            "max": -1.0,
            "count": 1
        },
        "MyAgent.Policy.CuriosityReward.mean": {
            "value": 0.0,
            "min": 0.0,
            "max": 0.0,
            "count": 1
        },
        "MyAgent.Policy.CuriosityReward.sum": {
            "value": 0.0,
            "min": 0.0,
            "max": 0.0,
            "count": 1
        },
        "MyAgent.IsTraining.mean": {
            "value": 1.0,
            "min": 1.0,
            "max": 1.0,
            "count": 1
        },
        "MyAgent.IsTraining.sum": {
            "value": 1.0,
            "min": 1.0,
            "max": 1.0,
            "count": 1
        }
    },
    "metadata": {
        "timer_format_version": "0.1.0",
        "start_time_seconds": "1710354596",
        "python_version": "3.8.10 (tags/v3.8.10:3d8993a, May  3 2021, 11:48:03) [MSC v.1928 64 bit (AMD64)]",
        "command_line_arguments": "C:\\Users\\danie\\CarAIDriver\\venv\\Scripts\\mlagents-learn MyAgent.yaml --force --run-id=testOnSimpleTracknew",
        "mlagents_version": "0.29.0",
        "mlagents_envs_version": "0.29.0",
        "communication_protocol_version": "1.5.0",
        "pytorch_version": "2.2.1+cpu",
        "numpy_version": "1.21.2",
        "end_time_seconds": "1710355025"
    },
    "total": 429.2347583,
    "count": 1,
    "self": 10.006498899999997,
    "children": {
        "run_training.setup": {
            "total": 0.08345830000000021,
            "count": 1,
            "self": 0.08345830000000021
        },
        "TrainerController.start_learning": {
            "total": 419.1448011,
            "count": 1,
            "self": 1.1799512000081904,
            "children": {
                "TrainerController._reset_env": {
                    "total": 11.0829315,
                    "count": 1,
                    "self": 11.0829315
                },
                "TrainerController.advance": {
                    "total": 406.6657250999918,
                    "count": 74801,
                    "self": 1.2828592999853186,
                    "children": {
                        "env_step": {
                            "total": 396.1104076000031,
                            "count": 74801,
                            "self": 299.5606533999903,
                            "children": {
                                "SubprocessEnvManager._take_step": {
                                    "total": 95.76837920000683,
                                    "count": 74802,
                                    "self": 3.159681800014752,
                                    "children": {
                                        "TorchPolicy.evaluate": {
                                            "total": 92.60869739999208,
                                            "count": 74802,
                                            "self": 19.988341199994466,
                                            "children": {
                                                "TorchPolicy.sample_actions": {
                                                    "total": 72.62035619999762,
                                                    "count": 74802,
                                                    "self": 72.62035619999762
                                                }
                                            }
                                        }
                                    }
                                },
                                "workers": {
                                    "total": 0.7813750000059372,
                                    "count": 74800,
                                    "self": 0.0,
                                    "children": {
                                        "worker_root": {
                                            "total": 361.9975653999993,
                                            "count": 74800,
                                            "is_parallel": true,
                                            "self": 160.38000669999917,
                                            "children": {
                                                "steps_from_proto": {
                                                    "total": 0.0011855000000000615,
                                                    "count": 1,
                                                    "is_parallel": true,
                                                    "self": 0.001011599999998225,
                                                    "children": {
                                                        "_process_rank_one_or_two_observation": {
                                                            "total": 0.00017390000000183647,
                                                            "count": 4,
                                                            "is_parallel": true,
                                                            "self": 0.00017390000000183647
                                                        }
                                                    }
                                                },
                                                "UnityEnvironment.step": {
                                                    "total": 201.61637320000014,
                                                    "count": 74800,
                                                    "is_parallel": true,