{
    "name": "root",
    "gauges": {
        "MyBehavior.Policy.Entropy.mean": {
            "value": 1.4196633100509644,
            "min": 1.4196633100509644,
            "max": 1.4196633100509644,
            "count": 1
        },
        "MyBehavior.Policy.Entropy.sum": {
            "value": 71062.6640625,
            "min": 71062.6640625,
            "max": 71062.6640625,
            "count": 1
        },
        "MyBehavior.Step.mean": {
            "value": 49992.0,
            "min": 49992.0,
            "max": 49992.0,
            "count": 1
        },
        "MyBehavior.Step.sum": {
            "value": 49992.0,
            "min": 49992.0,
            "max": 49992.0,
            "count": 1
        },
        "MyBehavior.Policy.ExtrinsicValueEstimate.mean": {
            "value": -0.11682216078042984,
            "min": -0.11682216078042984,
            "max": -0.11682216078042984,
            "count": 1
        },
        "MyBehavior.Policy.ExtrinsicValueEstimate.sum": {
            "value": -97.31285858154297,
            "min": -97.31285858154297,
            "max": -97.31285858154297,
            "count": 1
        },
        "MyBehavior.Environment.EpisodeLength.mean": {
            "value": 299.0,
            "min": 299.0,
            "max": 299.0,
            "count": 1
        },
        "MyBehavior.Environment.EpisodeLength.sum": {
            "value": 49634.0,
            "min": 49634.0,
            "max": 49634.0,
            "count": 1
        },
        "MyBehavior.Environment.CumulativeReward.mean": {
            "value": -2.5409640244331704,
            "min": -2.5409640244331704,
            "max": -2.5409640244331704,
            "count": 1
        },
        "MyBehavior.Environment.CumulativeReward.sum": {
            "value": -421.8000280559063,
            "min": -421.8000280559063,
            "max": -421.8000280559063,
            "count": 1
        },
        "MyBehavior.Policy.ExtrinsicReward.mean": {
            "value": -2.5409640244331704,
            "min": -2.5409640244331704,
            "max": -2.5409640244331704,
            "count": 1
        },
        "MyBehavior.Policy.ExtrinsicReward.sum": {
            "value": -421.8000280559063,
            "min": -421.8000280559063,
            "max": -421.8000280559063,
            "count": 1
        },
        "MyBehavior.Losses.PolicyLoss.mean": {
            "value": 0.020939852695058412,
            "min": 0.020939852695058412,
            "max": 0.020939852695058412,
            "count": 1
        },
        "MyBehavior.Losses.PolicyLoss.sum": {
            "value": 0.08375941078023365,
            "min": 0.08375941078023365,
            "max": 0.08375941078023365,
            "count": 1
        },
        "MyBehavior.Losses.ValueLoss.mean": {
            "value": 0.09265841951855691,
            "min": 0.09265841951855691,
            "max": 0.09265841951855691,
            "count": 1
        },
        "MyBehavior.Losses.ValueLoss.sum": {
            "value": 0.37063367807422765,
            "min": 0.37063367807422765,
            "max": 0.37063367807422765,
            "count": 1
        },
        "MyBehavior.Policy.LearningRate.mean": {
            "value": 0.00028460400513199996,
            "min": 0.00028460400513199996,
            "max": 0.00028460400513199996,
            "count": 1
        },
        "MyBehavior.Policy.LearningRate.sum": {
            "value": 0.0011384160205279998,
            "min": 0.0011384160205279998,
            "max": 0.0011384160205279998,
            "count": 1
        },
        "MyBehavior.Policy.Epsilon.mean": {
            "value": 0.194868,
            "min": 0.194868,
            "max": 0.194868,
            "count": 1
        },
        "MyBehavior.Policy.Epsilon.sum": {
            "value": 0.779472,
            "min": 0.779472,
            "max": 0.779472,
            "count": 1
        },
        "MyBehavior.Policy.Beta.mean": {
            "value": 0.004743913199999999,
            "min": 0.004743913199999999,
            "max": 0.004743913199999999,
            "count": 1
        },
        "MyBehavior.Policy.Beta.sum": {
            "value": 0.018975652799999996,
            "min": 0.018975652799999996,
            "max": 0.018975652799999996,
            "count": 1
        },
        "MyBehavior.IsTraining.mean": {
            "value": 1.0,
            "min": 1.0,
            "max": 1.0,
            "count": 1
        },
        "MyBehavior.IsTraining.sum": {
            "value": 1.0,
            "min": 1.0,
            "max": 1.0,
            "count": 1
        }
    },
    "metadata": {
        "timer_format_version": "0.1.0",
        "start_time_seconds": "1709913810",
        "python_version": "3.8.10 (tags/v3.8.10:3d8993a, May  3 2021, 11:48:03) [MSC v.1928 64 bit (AMD64)]",
        "command_line_arguments": "C:\\Users\\danie\\CarAIDriver\\venv\\Scripts\\mlagents-learn --run-id=firstTests",
        "mlagents_version": "0.29.0",
        "mlagents_envs_version": "0.29.0",
        "communication_protocol_version": "1.5.0",
        "pytorch_version": "2.2.1+cpu",
        "numpy_version": "1.21.2",
        "end_time_seconds": "1709914093"
    },
    "total": 283.34307540000003,
    "count": 1,
    "self": 0.0052482000000964035,
    "children": {
        "run_training.setup": {
            "total": 0.026786900000000058,
            "count": 1,
            "self": 0.026786900000000058
        },
        "TrainerController.start_learning": {
            "total": 283.31104029999995,
            "count": 1,
            "self": 0.9030968999990137,
            "children": {
                "TrainerController._reset_env": {
                    "total": 7.0213377999999995,
                    "count": 1,
                    "self": 7.0213377999999995
                },
                "TrainerController.advance": {
                    "total": 275.3027703000009,
                    "count": 53067,
                    "self": 0.8757405999975276,
                    "children": {
                        "env_step": {
                            "total": 260.90485890000264,
                            "count": 53067,
                            "self": 222.72010950000723,
                            "children": {
                                "SubprocessEnvManager._take_step": {
                                    "total": 37.59249419999632,
                                    "count": 53067,
                                    "self": 2.764686899997514,
                                    "children": {
                                        "TorchPolicy.evaluate": {
                                            "total": 34.8278072999988,
                                            "count": 53067,
                                            "self": 8.352262199999593,
                                            "children": {
                                                "TorchPolicy.sample_actions": {
                                                    "total": 26.47554509999921,
                                                    "count": 53067,
                                                    "self": 26.47554509999921
                                                }
                                            }
                                        }
                                    }
                                },
                                "workers": {
                                    "total": 0.5922551999991033,
                                    "count": 53066,
                                    "self": 0.0,
                                    "children": {
                                        "worker_root": {
                                            "total": 213.5140328999971,
                                            "count": 53066,
                                            "is_parallel": true,
                                            "self": 92.85410809999777,