{
    "name": "root",
    "gauges": {
        "MyAgent.Policy.Entropy.mean": {
            "value": 1.4588375091552734,
            "min": 1.4588375091552734,
            "max": 1.4588375091552734,
            "count": 20
        },
        "MyAgent.Policy.Entropy.sum": {
            "value": 72941.875,
            "min": 53755.24609375,
            "max": 72941.875,
            "count": 20
        },
        "MyAgent.Step.mean": {
            "value": 5299990.0,
            "min": 4349990.0,
            "max": 5299990.0,
            "count": 20
        },
        "MyAgent.Step.sum": {
            "value": 5299990.0,
            "min": 4349990.0,
            "max": 5299990.0,
            "count": 20
        },
        "MyAgent.Policy.ExtrinsicValueEstimate.mean": {
            "value": -0.04673134908080101,
            "min": -0.04673134908080101,
            "max": 0.5993857979774475,
            "count": 20
        },
        "MyAgent.Policy.ExtrinsicValueEstimate.sum": {
            "value": -36.68410873413086,
            "min": -36.68410873413086,
            "max": 470.5178527832031,
            "count": 20
        },
        "MyAgent.Policy.CuriosityValueEstimate.mean": {
            "value": 0.061153825372457504,
            "min": 0.05074303597211838,
            "max": 0.25185465812683105,
            "count": 20
        },
        "MyAgent.Policy.CuriosityValueEstimate.sum": {
            "value": 48.00575256347656,
            "min": 39.833282470703125,
            "max": 197.70590209960938,
            "count": 20
        },
        "MyAgent.Environment.EpisodeLength.mean": {
            "value": 9999.0,
            "min": 9999.0,
            "max": 9999.0,
            "count": 20
        },
        "MyAgent.Environment.EpisodeLength.sum": {
            "value": 49995.0,
            "min": 29997.0,
            "max": 49995.0,
            "count": 20
        },
        "MyAgent.Environment.CumulativeReward.mean": {
            "value": 1.6,
            "min": -7.840000772476197,
            "max": 2.8,
            "count": 20
        },
        "MyAgent.Environment.CumulativeReward.sum": {
            "value": 8.0,
            "min": -39.20000386238098,
            "max": 14.0,
            "count": 20
        },
        "MyAgent.Policy.ExtrinsicReward.mean": {
            "value": 1.6,
            "min": -7.840000772476197,
            "max": 2.8,
            "count": 20
        },
        "MyAgent.Policy.ExtrinsicReward.sum": {
            "value": 8.0,
            "min": -39.20000386238098,
            "max": 14.0,
            "count": 20
        },
        "MyAgent.Policy.CuriosityReward.mean": {
            "value": 0.0,
            "min": 0.0,
            "max": 0.0,
            "count": 20
        },
        "MyAgent.Policy.CuriosityReward.sum": {
            "value": 0.0,
            "min": 0.0,
            "max": 0.0,
            "count": 20
        },
        "MyAgent.IsTraining.mean": {
            "value": 1.0,
            "min": 1.0,
            "max": 1.0,
            "count": 20
        },
        "MyAgent.IsTraining.sum": {
            "value": 1.0,
            "min": 1.0,
            "max": 1.0,
            "count": 20
        }
    },
    "metadata": {
        "timer_format_version": "0.1.0",
        "start_time_seconds": "1710257299",
        "python_version": "3.8.10 (tags/v3.8.10:3d8993a, May  3 2021, 11:48:03) [MSC v.1928 64 bit (AMD64)]",
        "command_line_arguments": "C:\\Users\\danie\\CarAIDriver\\venv\\Scripts\\mlagents-learn MyAgent.yaml --resume --run-id=firstYamlConfigTest",
        "mlagents_version": "0.29.0",
        "mlagents_envs_version": "0.29.0",
        "communication_protocol_version": "1.5.0",
        "pytorch_version": "2.2.1+cpu",
        "numpy_version": "1.21.2",
        "end_time_seconds": "1710260143"
    },
    "total": 2843.9340403,
    "count": 1,
    "self": 0.008717800000340503,
    "children": {
        "run_training.setup": {
            "total": 0.08311749999999973,
            "count": 1,
            "self": 0.08311749999999973
        },
        "TrainerController.start_learning": {
            "total": 2843.842205,
            "count": 1,
            "self": 14.040009899918005,
            "children": {
                "TrainerController._reset_env": {
                    "total": 6.996793700000001,
                    "count": 1,
                    "self": 6.996793700000001
                },
                "TrainerController.advance": {
                    "total": 2822.757292200082,
                    "count": 1000064,
                    "self": 14.095237600019118,
                    "children": {
                        "env_step": {
                            "total": 2656.7319238998175,
                            "count": 1000064,
                            "self": 2009.2863395997929,
                            "children": {
                                "SubprocessEnvManager._take_step": {
                                    "total": 637.8181934000013,
                                    "count": 1000064,
                                    "self": 39.665826299935475,
                                    "children": {
                                        "TorchPolicy.evaluate": {
                                            "total": 598.1523671000658,
                                            "count": 1000064,
                                            "self": 125.4658076999084,
                                            "children": {
                                                "TorchPolicy.sample_actions": {
                                                    "total": 472.6865594001574,
                                                    "count": 1000064,
                                                    "self": 472.6865594001574
                                                }
                                            }
                                        }
                                    }
                                },
                                "workers": {
                                    "total": 9.627390900023233,
                                    "count": 1000064,
                                    "self": 0.0,
                                    "children": {
                                        "worker_root": {
                                            "total": 2771.7266541001213,
                                            "count": 1000064,
                                            "is_parallel": true,
                                            "self": 1367.0699181999985,
                                            "children": {
                                                "steps_from_proto": {
                                                    "total": 0.0002573000000003489,
                                                    "count": 1,
                                                    "is_parallel": true,
                                                    "self": 9.48999999996758e-05,
                                                    "children": {
                                                        "_process_rank_one_or_two_observation": {
                                                            "total": 0.00016240000000067312,
                                                            "count": 4,
                                                            "is_parallel": true,
                                                            "self": 0.00016240000000067312
                                                        }
                                                    }
                                                },
                                                "UnityEnvironment.step": {
                                                    "total": 1404.656478600123,
                                                    "count": 1000064,